-- MySQL dump 10.13  Distrib 5.7.17, for Win64 (x86_64)
--
-- Host: 127.0.0.1    Database: db_ecommerce
-- ------------------------------------------------------
-- Server version	5.5.5-10.1.37-MariaDB

/*!40101 SET @OLD_CHARACTER_SET_CLIENT=@@CHARACTER_SET_CLIENT */;
/*!40101 SET @OLD_CHARACTER_SET_RESULTS=@@CHARACTER_SET_RESULTS */;
/*!40101 SET @OLD_COLLATION_CONNECTION=@@COLLATION_CONNECTION */;
/*!40101 SET NAMES utf8 */;
/*!40103 SET @OLD_TIME_ZONE=@@TIME_ZONE */;
/*!40103 SET TIME_ZONE='+00:00' */;
/*!40014 SET @OLD_UNIQUE_CHECKS=@@UNIQUE_CHECKS, UNIQUE_CHECKS=0 */;
/*!40014 SET @OLD_FOREIGN_KEY_CHECKS=@@FOREIGN_KEY_CHECKS, FOREIGN_KEY_CHECKS=0 */;
/*!40101 SET @OLD_SQL_MODE=@@SQL_MODE, SQL_MODE='NO_AUTO_VALUE_ON_ZERO' */;
/*!40111 SET @OLD_SQL_NOTES=@@SQL_NOTES, SQL_NOTES=0 */;

--
-- Table structure for table `tb_addresses`
--

DROP TABLE IF EXISTS `tb_addresses`;
/*!40101 SET @saved_cs_client     = @@character_set_client */;
/*!40101 SET character_set_client = utf8 */;
CREATE TABLE `tb_addresses` (
  `idaddress` int(11) NOT NULL AUTO_INCREMENT,
  `idperson` int(11) NOT NULL,
  `desaddress` varchar(128) NOT NULL,
  `desnumber` varchar(16) NOT NULL,
  `descomplement` varchar(32) DEFAULT NULL,
  `descity` varchar(32) NOT NULL,
  `desstate` varchar(32) NOT NULL,
  `descountry` varchar(32) NOT NULL,
  `deszipcode` char(8) NOT NULL,
  `desdistrict` varchar(32) NOT NULL,
  `dtregister` timestamp NOT NULL DEFAULT CURRENT_TIMESTAMP,
  PRIMARY KEY (`idaddress`),
  KEY `fk_addresses_persons_idx` (`idperson`),
  CONSTRAINT `fk_addresses_persons` FOREIGN KEY (`idperson`) REFERENCES `tb_persons` (`idperson`) ON DELETE NO ACTION ON UPDATE NO ACTION
) ENGINE=InnoDB AUTO_INCREMENT=20 DEFAULT CHARSET=utf8;
/*!40101 SET character_set_client = @saved_cs_client */;

--
-- Dumping data for table `tb_addresses`
--

LOCK TABLES `tb_addresses` WRITE;
/*!40000 ALTER TABLE `tb_addresses` DISABLE KEYS */;
INSERT INTO `tb_addresses` VALUES (17,24,'Rua Pedro Claro','120','','Picos','PI','Brasil','64607-71','Junco','2019-10-26 22:00:05'),(18,25,'Rua Pedro Claro','280','','Picos','PI','Brasil','64607-71','Junco','2019-10-28 18:36:50'),(19,25,'Rua Pedro Claro','102','','Picos','PI','Brasil','64607-71','Junco','2019-10-28 18:42:26');
/*!40000 ALTER TABLE `tb_addresses` ENABLE KEYS */;
UNLOCK TABLES;

--
-- Table structure for table `tb_carts`
--

DROP TABLE IF EXISTS `tb_carts`;
/*!40101 SET @saved_cs_client     = @@character_set_client */;
/*!40101 SET character_set_client = utf8 */;
CREATE TABLE `tb_carts` (
  `idcart` int(11) NOT NULL AUTO_INCREMENT,
  `dessessionid` varchar(64) NOT NULL,
  `iduser` int(11) DEFAULT NULL,
  `deszipcode` char(8) DEFAULT NULL,
  `vlfreight` decimal(10,2) DEFAULT NULL,
  `nrdays` int(11) DEFAULT NULL,
  `dtregister` timestamp NOT NULL DEFAULT CURRENT_TIMESTAMP,
  PRIMARY KEY (`idcart`),
  KEY `FK_carts_users_idx` (`iduser`),
  CONSTRAINT `fk_carts_users` FOREIGN KEY (`iduser`) REFERENCES `tb_users` (`iduser`) ON DELETE NO ACTION ON UPDATE NO ACTION
) ENGINE=InnoDB AUTO_INCREMENT=101 DEFAULT CHARSET=utf8;
/*!40101 SET character_set_client = @saved_cs_client */;

--
-- Dumping data for table `tb_carts`
--

LOCK TABLES `tb_carts` WRITE;
/*!40000 ALTER TABLE `tb_carts` DISABLE KEYS */;
INSERT INTO `tb_carts` VALUES (80,'9cu6kffadifosaqilqhmhg72h4',NULL,NULL,NULL,NULL,'2019-10-27 21:11:54'),(81,'pbn1j05hetfd1aidrke9c1n7c0',NULL,NULL,NULL,NULL,'2019-10-27 22:34:33'),(82,'hng89ufr7sefqnbto0k4ja88o3',NULL,NULL,NULL,NULL,'2019-10-27 23:38:23'),(83,'e8mmh36l4m0a7rr161ufvoo9j7',NULL,NULL,NULL,NULL,'2019-10-28 04:55:47'),(84,'3cqachkq9jdbkfdvbo79rmgkq4',NULL,NULL,NULL,NULL,'2019-10-28 05:02:01'),(85,'dovetpo6tehisq4e1rq8rq1hv1',NULL,NULL,NULL,NULL,'2019-10-28 16:20:08'),(86,'jmkekk1dovk7fe6mm18fvungq1',NULL,NULL,NULL,NULL,'2019-10-28 16:26:15'),(87,'tft5p00jm479vd9ob30p31r7c5',NULL,NULL,NULL,NULL,'2019-10-28 18:33:31'),(88,'d5kar8msfubal3hselfv39b463',NULL,'64607-71',NULL,NULL,'2019-10-28 18:33:34'),(89,'j1hhq9ob665a8tla82v2t0lf43',NULL,'64607710',0.00,0,'2019-10-28 18:43:17'),(90,'png43fgf7rk1h4pgdoj0gndbm6',NULL,NULL,NULL,NULL,'2019-10-28 20:53:35'),(91,'79sfaltjla373vj89kl1t6p3m2',NULL,NULL,NULL,NULL,'2019-10-28 23:44:20'),(92,'4bflsiesqpr9ocf8qginjrfgd6',NULL,NULL,NULL,NULL,'2019-10-29 04:37:31'),(93,'6e9m9anntuiv7q99b7cb1vi442',NULL,NULL,NULL,NULL,'2019-10-29 16:51:05'),(94,'914o34h0mb65o4rs37jc2t5c46',NULL,NULL,NULL,NULL,'2019-10-29 17:12:45'),(95,'uoqnneue4uo7fqaseam560lve6',NULL,NULL,NULL,NULL,'2019-10-29 18:37:53'),(96,'nhakpk0tk3ih8adenaktvgiej5',NULL,NULL,NULL,NULL,'2019-10-29 19:00:29'),(97,'c3r6qsvh8i13r6odh45oqo2g57',NULL,NULL,NULL,NULL,'2019-10-29 22:17:58'),(98,'tv0i689st50f3mqchsjqc50cu2',NULL,NULL,NULL,NULL,'2019-10-29 23:15:45'),(99,'fs3f0dm6v99ck9af8valnml7f7',NULL,NULL,NULL,NULL,'2019-10-29 23:17:19'),(100,'0ibiffkfgasfs1mkp5fdpq2tc7',NULL,NULL,NULL,NULL,'2019-10-31 05:55:03');
/*!40000 ALTER TABLE `tb_carts` ENABLE KEYS */;
UNLOCK TABLES;

--
-- Table structure for table `tb_cartsproducts`
--

DROP TABLE IF EXISTS `tb_cartsproducts`;
/*!40101 SET @saved_cs_client     = @@character_set_client */;
/*!40101 SET character_set_client = utf8 */;
CREATE TABLE `tb_cartsproducts` (
  `idcartproduct` int(11) NOT NULL AUTO_INCREMENT,
  `idcart` int(11) NOT NULL,
  `idproduct` int(11) NOT NULL,
  `dtremoved` datetime DEFAULT NULL,
  `dtregister` timestamp NOT NULL DEFAULT CURRENT_TIMESTAMP,
  PRIMARY KEY (`idcartproduct`),
  KEY `FK_cartsproducts_carts_idx` (`idcart`),
  CONSTRAINT `fk_cartsproducts_carts` FOREIGN KEY (`idcart`) REFERENCES `tb_carts` (`idcart`) ON DELETE NO ACTION ON UPDATE NO ACTION
) ENGINE=InnoDB AUTO_INCREMENT=8 DEFAULT CHARSET=utf8;
/*!40101 SET character_set_client = @saved_cs_client */;

--
-- Dumping data for table `tb_cartsproducts`
--

LOCK TABLES `tb_cartsproducts` WRITE;
/*!40000 ALTER TABLE `tb_cartsproducts` DISABLE KEYS */;
INSERT INTO `tb_cartsproducts` VALUES (1,88,13,NULL,'2019-10-28 18:35:52'),(2,88,14,NULL,'2019-10-28 18:41:58'),(3,89,13,NULL,'2019-10-28 18:47:16'),(4,89,14,NULL,'2019-10-28 19:09:21'),(5,99,1,NULL,'2019-10-29 23:17:29'),(6,99,1,NULL,'2019-10-29 23:17:39'),(7,99,1,NULL,'2019-10-29 23:17:42');
/*!40000 ALTER TABLE `tb_cartsproducts` ENABLE KEYS */;
UNLOCK TABLES;

--
-- Table structure for table `tb_orders`
--

DROP TABLE IF EXISTS `tb_orders`;
/*!40101 SET @saved_cs_client     = @@character_set_client */;
/*!40101 SET character_set_client = utf8 */;
CREATE TABLE `tb_orders` (
  `idorder` int(11) NOT NULL AUTO_INCREMENT,
  `idcart` int(11) NOT NULL,
  `iduser` int(11) NOT NULL,
  `idstatus` int(11) NOT NULL,
  `idaddress` int(11) NOT NULL,
  `vltotal` decimal(10,2) NOT NULL,
  `dtregister` timestamp NOT NULL DEFAULT CURRENT_TIMESTAMP,
  PRIMARY KEY (`idorder`),
  KEY `FK_orders_users_idx` (`iduser`),
  KEY `fk_orders_ordersstatus_idx` (`idstatus`),
  KEY `fk_orders_carts_idx` (`idcart`),
  KEY `fk_orders_addresses_idx` (`idaddress`),
  CONSTRAINT `fk_orders_addresses` FOREIGN KEY (`idaddress`) REFERENCES `tb_addresses` (`idaddress`) ON DELETE NO ACTION ON UPDATE NO ACTION,
  CONSTRAINT `fk_orders_carts` FOREIGN KEY (`idcart`) REFERENCES `tb_carts` (`idcart`) ON DELETE NO ACTION ON UPDATE NO ACTION,
  CONSTRAINT `fk_orders_ordersstatus` FOREIGN KEY (`idstatus`) REFERENCES `tb_ordersstatus` (`idstatus`) ON DELETE NO ACTION ON UPDATE NO ACTION,
  CONSTRAINT `fk_orders_users` FOREIGN KEY (`iduser`) REFERENCES `tb_users` (`iduser`) ON DELETE NO ACTION ON UPDATE NO ACTION
) ENGINE=InnoDB AUTO_INCREMENT=3 DEFAULT CHARSET=utf8;
/*!40101 SET character_set_client = @saved_cs_client */;

--
-- Dumping data for table `tb_orders`
--

LOCK TABLES `tb_orders` WRITE;
/*!40000 ALTER TABLE `tb_orders` DISABLE KEYS */;
INSERT INTO `tb_orders` VALUES (1,88,1,4,18,0.00,'2019-10-28 18:36:50'),(2,88,1,1,19,0.00,'2019-10-28 18:42:26');
/*!40000 ALTER TABLE `tb_orders` ENABLE KEYS */;
UNLOCK TABLES;

--
-- Table structure for table `tb_ordersstatus`
--

DROP TABLE IF EXISTS `tb_ordersstatus`;
/*!40101 SET @saved_cs_client     = @@character_set_client */;
/*!40101 SET character_set_client = utf8 */;
CREATE TABLE `tb_ordersstatus` (
  `idstatus` int(11) NOT NULL AUTO_INCREMENT,
  `desstatus` varchar(32) NOT NULL,
  `dtregister` timestamp NOT NULL DEFAULT CURRENT_TIMESTAMP,
  PRIMARY KEY (`idstatus`)
) ENGINE=InnoDB AUTO_INCREMENT=5 DEFAULT CHARSET=utf8;
/*!40101 SET character_set_client = @saved_cs_client */;

--
-- Dumping data for table `tb_ordersstatus`
--

LOCK TABLES `tb_ordersstatus` WRITE;
/*!40000 ALTER TABLE `tb_ordersstatus` DISABLE KEYS */;
INSERT INTO `tb_ordersstatus` VALUES (1,'Em Aberto','2017-03-13 03:00:00'),(2,'Aguardando Pagamento','2017-03-13 03:00:00'),(3,'Pago','2017-03-13 03:00:00'),(4,'Entregue','2017-03-13 03:00:00');
/*!40000 ALTER TABLE `tb_ordersstatus` ENABLE KEYS */;
UNLOCK TABLES;

--
-- Table structure for table `tb_persons`
--

DROP TABLE IF EXISTS `tb_persons`;
/*!40101 SET @saved_cs_client     = @@character_set_client */;
/*!40101 SET character_set_client = utf8 */;
CREATE TABLE `tb_persons` (
  `idperson` int(11) NOT NULL AUTO_INCREMENT,
  `desperson` varchar(64) NOT NULL,
  `desemail` varchar(128) DEFAULT NULL,
  `nrphone` bigint(20) DEFAULT NULL,
  `dtregister` timestamp NOT NULL DEFAULT CURRENT_TIMESTAMP,
  PRIMARY KEY (`idperson`)
) ENGINE=InnoDB AUTO_INCREMENT=26 DEFAULT CHARSET=utf8;
/*!40101 SET character_set_client = @saved_cs_client */;

--
-- Dumping data for table `tb_persons`
--

LOCK TABLES `tb_persons` WRITE;
/*!40000 ALTER TABLE `tb_persons` DISABLE KEYS */;
INSERT INTO `tb_persons` VALUES (24,'Francisco Jose de Sousa','franciscojose@gmail.com',8994899852,'2019-10-26 21:46:41'),(25,'Maria Francisca de Sousa','fjs@gmailcom',89994091618,'2019-10-28 18:36:32');
/*!40000 ALTER TABLE `tb_persons` ENABLE KEYS */;
UNLOCK TABLES;

--
-- Table structure for table `tb_products`
--

DROP TABLE IF EXISTS `tb_products`;
/*!40101 SET @saved_cs_client     = @@character_set_client */;
/*!40101 SET character_set_client = utf8 */;
CREATE TABLE `tb_products` (
  `idproduct` int(11) NOT NULL AUTO_INCREMENT,
  `desproduct` varchar(64) NOT NULL,
  `vlprice` decimal(10,2) NOT NULL,
  `vlwidth` decimal(10,2) NOT NULL,
  `vlheight` decimal(10,2) NOT NULL,
  `vllength` decimal(10,2) NOT NULL,
  `vlweight` decimal(10,2) NOT NULL,
  `desurl` varchar(128) NOT NULL,
  `dtregister` timestamp NOT NULL DEFAULT CURRENT_TIMESTAMP,
  PRIMARY KEY (`idproduct`)
) ENGINE=InnoDB DEFAULT CHARSET=utf8;
/*!40101 SET character_set_client = @saved_cs_client */;

--
-- Dumping data for table `tb_products`
--

LOCK TABLES `tb_products` WRITE;
/*!40000 ALTER TABLE `tb_products` DISABLE KEYS */;
/*!40000 ALTER TABLE `tb_products` ENABLE KEYS */;
UNLOCK TABLES;

--
-- Table structure for table `tb_users`
--

DROP TABLE IF EXISTS `tb_users`;
/*!40101 SET @saved_cs_client     = @@character_set_client */;
/*!40101 SET character_set_client = utf8 */;
CREATE TABLE `tb_users` (
  `iduser` int(11) NOT NULL AUTO_INCREMENT,
  `idperson` int(11) NOT NULL,
  `deslogin` varchar(64) NOT NULL,
  `despassword` varchar(256) NOT NULL,
  `inadmin` tinyint(4) NOT NULL DEFAULT '0',
  `dtregister` timestamp NOT NULL DEFAULT CURRENT_TIMESTAMP,
  PRIMARY KEY (`iduser`),
  KEY `FK_users_persons_idx` (`idperson`),
  CONSTRAINT `fk_users_persons` FOREIGN KEY (`idperson`) REFERENCES `tb_persons` (`idperson`) ON DELETE NO ACTION ON UPDATE NO ACTION
) ENGINE=InnoDB AUTO_INCREMENT=2 DEFAULT CHARSET=utf8;
/*!40101 SET character_set_client = @saved_cs_client */;

--
-- Dumping data for table `tb_users`
--

LOCK TABLES `tb_users` WRITE;
/*!40000 ALTER TABLE `tb_users` DISABLE KEYS */;
INSERT INTO `tb_users` VALUES (1,25,'fjs@gmailcom','$2y$12$AkMmTIRoKq79jnc7YSlzZ.Kk4qRwvVh7CEbyVSSAleua850Xdb/jG',0,'2019-10-28 18:36:32');
/*!40000 ALTER TABLE `tb_users` ENABLE KEYS */;
UNLOCK TABLES;

--
-- Table structure for table `tb_userspasswordsrecoveries`
--

DROP TABLE IF EXISTS `tb_userspasswordsrecoveries`;
/*!40101 SET @saved_cs_client     = @@character_set_client */;
/*!40101 SET character_set_client = utf8 */;
CREATE TABLE `tb_userspasswordsrecoveries` (
  `idrecovery` int(11) NOT NULL AUTO_INCREMENT,
  `iduser` int(11) NOT NULL,
  `desip` varchar(45) NOT NULL,
  `dtrecovery` datetime DEFAULT NULL,
  `dtregister` timestamp NOT NULL DEFAULT CURRENT_TIMESTAMP,
  PRIMARY KEY (`idrecovery`),
  KEY `fk_userspasswordsrecoveries_users_idx` (`iduser`),
  CONSTRAINT `fk_userspasswordsrecoveries_users` FOREIGN KEY (`iduser`) REFERENCES `tb_users` (`iduser`) ON DELETE NO ACTION ON UPDATE NO ACTION
) ENGINE=InnoDB DEFAULT CHARSET=utf8;
/*!40101 SET character_set_client = @saved_cs_client */;

--
-- Dumping data for table `tb_userspasswordsrecoveries`
--

LOCK TABLES `tb_userspasswordsrecoveries` WRITE;
/*!40000 ALTER TABLE `tb_userspasswordsrecoveries` DISABLE KEYS */;
/*!40000 ALTER TABLE `tb_userspasswordsrecoveries` ENABLE KEYS */;
UNLOCK TABLES;

--
-- Dumping routines for database 'db_ecommerce'
--
/*!50003 DROP PROCEDURE IF EXISTS `sp_addresses_save` */;
/*!50003 SET @saved_cs_client      = @@character_set_client */ ;
/*!50003 SET @saved_cs_results     = @@character_set_results */ ;
/*!50003 SET @saved_col_connection = @@collation_connection */ ;
/*!50003 SET character_set_client  = utf8 */ ;
/*!50003 SET character_set_results = utf8 */ ;
/*!50003 SET collation_connection  = utf8_general_ci */ ;
/*!50003 SET @saved_sql_mode       = @@sql_mode */ ;
/*!50003 SET sql_mode              = 'NO_AUTO_CREATE_USER,NO_ENGINE_SUBSTITUTION' */ ;
DELIMITER ;;
CREATE DEFINER=`root`@`localhost` PROCEDURE `sp_addresses_save`(
pidaddress int(11), 
pidperson int(11),
pdesaddress varchar(128),
pdesnumber varchar(16),
pdescomplement varchar(32),
pdescity varchar(32),
pdesstate varchar(32),
pdescountry varchar(32),
pdeszipcode char(8),
pdesdistrict varchar(32)
)
BEGIN

	IF pidaddress > 0 THEN
		
		UPDATE tb_addresses
        SET
			idperson = pidperson,
            desaddress = pdesaddress,
            desnumber = pdesnumber,
            descomplement = pdescomplement,
            descity = pdescity,
            desstate = pdesstate,
            descountry = pdescountry,
            deszipcode = pdeszipcode, 
            desdistrict = pdesdistrict
		WHERE idaddress = pidaddress;
        
    ELSE
		
		INSERT INTO tb_addresses (idperson, desaddress, desnumber, descomplement, descity, desstate, descountry, deszipcode, desdistrict)
        VALUES(pidperson, pdesaddress, pdesnumber, pdescomplement, pdescity, pdesstate, pdescountry, pdeszipcode, pdesdistrict);
        
        SET pidaddress = LAST_INSERT_ID();
        
    END IF;
    
    SELECT * FROM tb_addresses WHERE idaddress = pidaddress;

END ;;
DELIMITER ;
/*!50003 SET sql_mode              = @saved_sql_mode */ ;
/*!50003 SET character_set_client  = @saved_cs_client */ ;
/*!50003 SET character_set_results = @saved_cs_results */ ;
/*!50003 SET collation_connection  = @saved_col_connection */ ;
/*!50003 DROP PROCEDURE IF EXISTS `sp_carts_save` */;
/*!50003 SET @saved_cs_client      = @@character_set_client */ ;
/*!50003 SET @saved_cs_results     = @@character_set_results */ ;
/*!50003 SET @saved_col_connection = @@collation_connection */ ;
/*!50003 SET character_set_client  = utf8 */ ;
/*!50003 SET character_set_results = utf8 */ ;
/*!50003 SET collation_connection  = utf8_general_ci */ ;
/*!50003 SET @saved_sql_mode       = @@sql_mode */ ;
/*!50003 SET sql_mode              = 'NO_AUTO_CREATE_USER,NO_ENGINE_SUBSTITUTION' */ ;
DELIMITER ;;
CREATE DEFINER=`root`@`localhost` PROCEDURE `sp_carts_save`(
pidcart INT,
pdessessionid VARCHAR(64),
piduser INT,
pdeszipcode CHAR(8),
pvlfreight DECIMAL(10,2),
pnrdays INT
)
BEGIN

    IF pidcart > 0 THEN
        
        UPDATE tb_carts
        SET
            dessessionid = pdessessionid,
            iduser = piduser,
            deszipcode = pdeszipcode,
            vlfreight = pvlfreight,
            nrdays = pnrdays
        WHERE idcart = pidcart;
        
    ELSE
        
        INSERT INTO tb_carts (dessessionid, iduser, deszipcode, vlfreight, nrdays)
        VALUES(pdessessionid, piduser, pdeszipcode, pvlfreight, pnrdays);
        
        SET pidcart = LAST_INSERT_ID();
        
    END IF;
    
    SELECT * FROM tb_carts WHERE idcart = pidcart;

END ;;
DELIMITER ;
/*!50003 SET sql_mode              = @saved_sql_mode */ ;
/*!50003 SET character_set_client  = @saved_cs_client */ ;
/*!50003 SET character_set_results = @saved_cs_results */ ;
/*!50003 SET collation_connection  = @saved_col_connection */ ;
/*!50003 DROP PROCEDURE IF EXISTS `sp_categories_save` */;
/*!50003 SET @saved_cs_client      = @@character_set_client */ ;
/*!50003 SET @saved_cs_results     = @@character_set_results */ ;
/*!50003 SET @saved_col_connection = @@collation_connection */ ;
/*!50003 SET character_set_client  = utf8 */ ;
/*!50003 SET character_set_results = utf8 */ ;
/*!50003 SET collation_connection  = utf8_general_ci */ ;
/*!50003 SET @saved_sql_mode       = @@sql_mode */ ;
/*!50003 SET sql_mode              = 'NO_AUTO_CREATE_USER,NO_ENGINE_SUBSTITUTION' */ ;
DELIMITER ;;
CREATE DEFINER=`root`@`localhost` PROCEDURE `sp_categories_save`(
pidcategory INT,
pdescategory VARCHAR(64)
)
BEGIN
	
	IF pidcategory > 0 THEN
		
		UPDATE tb_categories
        SET descategory = pdescategory
        WHERE idcategory = pidcategory;
        
    ELSE
		
		INSERT INTO tb_categories (descategory) VALUES(pdescategory);
        
        SET pidcategory = LAST_INSERT_ID();
        
    END IF;
    
    SELECT * FROM tb_categories WHERE idcategory = pidcategory;
    
END ;;
DELIMITER ;
/*!50003 SET sql_mode              = @saved_sql_mode */ ;
/*!50003 SET character_set_client  = @saved_cs_client */ ;
/*!50003 SET character_set_results = @saved_cs_results */ ;
/*!50003 SET collation_connection  = @saved_col_connection */ ;
/*!50003 DROP PROCEDURE IF EXISTS `sp_orders_save` */;
/*!50003 SET @saved_cs_client      = @@character_set_client */ ;
/*!50003 SET @saved_cs_results     = @@character_set_results */ ;
/*!50003 SET @saved_col_connection = @@collation_connection */ ;
/*!50003 SET character_set_client  = utf8 */ ;
/*!50003 SET character_set_results = utf8 */ ;
/*!50003 SET collation_connection  = utf8_general_ci */ ;
/*!50003 SET @saved_sql_mode       = @@sql_mode */ ;
/*!50003 SET sql_mode              = 'NO_AUTO_VALUE_ON_ZERO' */ ;
DELIMITER ;;
CREATE DEFINER=`root`@`localhost` PROCEDURE `sp_orders_save`(
pidorder INT,
pidcart int(11),
piduser int(11),
pidstatus int(11),
pidaddress int(11),
pvltotal decimal(10,2)
)
BEGIN
	
	IF pidorder > 0 THEN
		
		UPDATE tb_orders
        SET
			idcart = pidcart,
            iduser = piduser,
            idstatus = pidstatus,
            idaddress = pidaddress,
            vltotal = pvltotal
		WHERE idorder = pidorder;
        
    ELSE
    
		INSERT INTO tb_orders (idcart, iduser, idstatus, idaddress, vltotal)
        VALUES(pidcart, piduser, pidstatus, pidaddress, pvltotal);
		
		SET pidorder = LAST_INSERT_ID();
        
    END IF;
    
    SELECT * 
    FROM tb_orders a
    INNER JOIN tb_ordersstatus b USING(idstatus)
    INNER JOIN tb_carts c USING(idcart)
    INNER JOIN tb_users d ON d.iduser = a.iduser
    INNER JOIN tb_addresses e USING(idaddress)
    WHERE idorder = pidorder;
    
END ;;
DELIMITER ;
/*!50003 SET sql_mode              = @saved_sql_mode */ ;
/*!50003 SET character_set_client  = @saved_cs_client */ ;
/*!50003 SET character_set_results = @saved_cs_results */ ;
/*!50003 SET collation_connection  = @saved_col_connection */ ;
/*!50003 DROP PROCEDURE IF EXISTS `sp_products_save` */;
/*!50003 SET @saved_cs_client      = @@character_set_client */ ;
/*!50003 SET @saved_cs_results     = @@character_set_results */ ;
/*!50003 SET @saved_col_connection = @@collation_connection */ ;
/*!50003 SET character_set_client  = utf8 */ ;
/*!50003 SET character_set_results = utf8 */ ;
/*!50003 SET collation_connection  = utf8_general_ci */ ;
/*!50003 SET @saved_sql_mode       = @@sql_mode */ ;
/*!50003 SET sql_mode              = 'NO_AUTO_CREATE_USER,NO_ENGINE_SUBSTITUTION' */ ;
DELIMITER ;;
CREATE DEFINER=`root`@`localhost` PROCEDURE `sp_products_save`(
pidproduct int(11),
pdesproduct varchar(64),
pvlprice decimal(10,2),
pvlwidth decimal(10,2),
pvlheight decimal(10,2),
pvllength decimal(10,2),
pvlweight decimal(10,2),
pdesurl varchar(128)
)
BEGIN
	
	IF pidproduct > 0 THEN
		
		UPDATE tb_products
        SET 
			desproduct = pdesproduct,
            vlprice = pvlprice,
            vlwidth = pvlwidth,
            vlheight = pvlheight,
            vllength = pvllength,
            vlweight = pvlweight,
            desurl = pdesurl
        WHERE idproduct = pidproduct;
        
    ELSE
		
		INSERT INTO tb_products (desproduct, vlprice, vlwidth, vlheight, vllength, vlweight, desurl) 
        VALUES(pdesproduct, pvlprice, pvlwidth, pvlheight, pvllength, pvlweight, pdesurl);
        
        SET pidproduct = LAST_INSERT_ID();
        
    END IF;
    
    SELECT * FROM tb_products WHERE idproduct = pidproduct;
    
END ;;
DELIMITER ;
/*!50003 SET sql_mode              = @saved_sql_mode */ ;
/*!50003 SET character_set_client  = @saved_cs_client */ ;
/*!50003 SET character_set_results = @saved_cs_results */ ;
/*!50003 SET collation_connection  = @saved_col_connection */ ;
/*!50003 DROP PROCEDURE IF EXISTS `sp_userspasswordsrecoveries_create` */;
/*!50003 SET @saved_cs_client      = @@character_set_client */ ;
/*!50003 SET @saved_cs_results     = @@character_set_results */ ;
/*!50003 SET @saved_col_connection = @@collation_connection */ ;
/*!50003 SET character_set_client  = utf8 */ ;
/*!50003 SET character_set_results = utf8 */ ;
/*!50003 SET collation_connection  = utf8_general_ci */ ;
/*!50003 SET @saved_sql_mode       = @@sql_mode */ ;
/*!50003 SET sql_mode              = 'NO_AUTO_CREATE_USER,NO_ENGINE_SUBSTITUTION' */ ;
DELIMITER ;;
CREATE DEFINER=`root`@`localhost` PROCEDURE `sp_userspasswordsrecoveries_create`(
piduser INT,
pdesip VARCHAR(45)
)
BEGIN
	
	INSERT INTO tb_userspasswordsrecoveries (iduser, desip)
    VALUES(piduser, pdesip);
    
    SELECT * FROM tb_userspasswordsrecoveries
    WHERE idrecovery = LAST_INSERT_ID();
    
END ;;
DELIMITER ;
/*!50003 SET sql_mode              = @saved_sql_mode */ ;
/*!50003 SET character_set_client  = @saved_cs_client */ ;
/*!50003 SET character_set_results = @saved_cs_results */ ;
/*!50003 SET collation_connection  = @saved_col_connection */ ;
/*!50003 DROP PROCEDURE IF EXISTS `sp_usersupdate_save` */;
/*!50003 SET @saved_cs_client      = @@character_set_client */ ;
/*!50003 SET @saved_cs_results     = @@character_set_results */ ;
/*!50003 SET @saved_col_connection = @@collation_connection */ ;
/*!50003 SET character_set_client  = utf8 */ ;
/*!50003 SET character_set_results = utf8 */ ;
/*!50003 SET collation_connection  = utf8_general_ci */ ;
/*!50003 SET @saved_sql_mode       = @@sql_mode */ ;
/*!50003 SET sql_mode              = 'NO_AUTO_CREATE_USER,NO_ENGINE_SUBSTITUTION' */ ;
DELIMITER ;;
CREATE DEFINER=`root`@`localhost` PROCEDURE `sp_usersupdate_save`(
piduser INT,
pdesperson VARCHAR(64), 
pdeslogin VARCHAR(64), 
pdespassword VARCHAR(256), 
pdesemail VARCHAR(128), 
pnrphone BIGINT, 
pinadmin TINYINT
)
BEGIN
	
    DECLARE vidperson INT;
    
	SELECT idperson INTO vidperson
    FROM tb_users
    WHERE iduser = piduser;
    
    UPDATE tb_persons
    SET 
		desperson = pdesperson,
        desemail = pdesemail,
        nrphone = pnrphone
	WHERE idperson = vidperson;
    
    UPDATE tb_users
    SET
		deslogin = pdeslogin,
        despassword = pdespassword,
        inadmin = pinadmin
	WHERE iduser = piduser;
    
    SELECT * FROM tb_users a INNER JOIN tb_persons b USING(idperson) WHERE a.iduser = piduser;
    
END ;;
DELIMITER ;
/*!50003 SET sql_mode              = @saved_sql_mode */ ;
/*!50003 SET character_set_client  = @saved_cs_client */ ;
/*!50003 SET character_set_results = @saved_cs_results */ ;
/*!50003 SET collation_connection  = @saved_col_connection */ ;
/*!50003 DROP PROCEDURE IF EXISTS `sp_users_delete` */;
/*!50003 SET @saved_cs_client      = @@character_set_client */ ;
/*!50003 SET @saved_cs_results     = @@character_set_results */ ;
/*!50003 SET @saved_col_connection = @@collation_connection */ ;
/*!50003 SET character_set_client  = utf8 */ ;
/*!50003 SET character_set_results = utf8 */ ;
/*!50003 SET collation_connection  = utf8_general_ci */ ;
/*!50003 SET @saved_sql_mode       = @@sql_mode */ ;
/*!50003 SET sql_mode              = 'NO_AUTO_CREATE_USER,NO_ENGINE_SUBSTITUTION' */ ;
DELIMITER ;;
CREATE DEFINER=`root`@`localhost` PROCEDURE `sp_users_delete`(
piduser INT
)
BEGIN
    
    DECLARE vidperson INT;
    
    SET FOREIGN_KEY_CHECKS = 0;
	
	SELECT idperson INTO vidperson
    FROM tb_users
    WHERE iduser = piduser;
	
    DELETE FROM tb_addresses WHERE idperson = vidperson;
    DELETE FROM tb_addresses WHERE idaddress IN(SELECT idaddress FROM tb_orders WHERE iduser = piduser);
	DELETE FROM tb_persons WHERE idperson = vidperson;
    
    DELETE FROM tb_userslogs WHERE iduser = piduser;
    DELETE FROM tb_userspasswordsrecoveries WHERE iduser = piduser;
    DELETE FROM tb_orders WHERE iduser = piduser;
    DELETE FROM tb_cartsproducts WHERE idcart IN(SELECT idcart FROM tb_carts WHERE iduser = piduser);
    DELETE FROM tb_carts WHERE iduser = piduser;
    DELETE FROM tb_users WHERE iduser = piduser;
    
    SET FOREIGN_KEY_CHECKS = 1;
    
END ;;
DELIMITER ;
/*!50003 SET sql_mode              = @saved_sql_mode */ ;
/*!50003 SET character_set_client  = @saved_cs_client */ ;
/*!50003 SET character_set_results = @saved_cs_results */ ;
/*!50003 SET collation_connection  = @saved_col_connection */ ;
/*!50003 DROP PROCEDURE IF EXISTS `sp_users_save` */;
/*!50003 SET @saved_cs_client      = @@character_set_client */ ;
/*!50003 SET @saved_cs_results     = @@character_set_results */ ;
/*!50003 SET @saved_col_connection = @@collation_connection */ ;
/*!50003 SET character_set_client  = utf8 */ ;
/*!50003 SET character_set_results = utf8 */ ;
/*!50003 SET collation_connection  = utf8_general_ci */ ;
/*!50003 SET @saved_sql_mode       = @@sql_mode */ ;
/*!50003 SET sql_mode              = 'NO_AUTO_CREATE_USER,NO_ENGINE_SUBSTITUTION' */ ;
DELIMITER ;;
CREATE DEFINER=`root`@`localhost` PROCEDURE `sp_users_save`(
pdesperson VARCHAR(64), 
pdeslogin VARCHAR(64), 
pdespassword VARCHAR(256), 
pdesemail VARCHAR(128), 
pnrphone BIGINT, 
pinadmin TINYINT
)
BEGIN
	
    DECLARE vidperson INT;
    
	INSERT INTO tb_persons (desperson, desemail, nrphone)
    VALUES(pdesperson, pdesemail, pnrphone);
    
    SET vidperson = LAST_INSERT_ID();
    
    INSERT INTO tb_users (idperson, deslogin, despassword, inadmin)
    VALUES(vidperson, pdeslogin, pdespassword, pinadmin);
    
    SELECT * FROM tb_users a INNER JOIN tb_persons b USING(idperson) WHERE a.iduser = LAST_INSERT_ID();
    
END ;;
DELIMITER ;
/*!50003 SET sql_mode              = @saved_sql_mode */ ;
/*!50003 SET character_set_client  = @saved_cs_client */ ;
/*!50003 SET character_set_results = @saved_cs_results */ ;
/*!50003 SET collation_connection  = @saved_col_connection */ ;
/*!40103 SET TIME_ZONE=@OLD_TIME_ZONE */;

/*!40101 SET SQL_MODE=@OLD_SQL_MODE */;
/*!40014 SET FOREIGN_KEY_CHECKS=@OLD_FOREIGN_KEY_CHECKS */;
/*!40014 SET UNIQUE_CHECKS=@OLD_UNIQUE_CHECKS */;
/*!40101 SET CHARACTER_SET_CLIENT=@OLD_CHARACTER_SET_CLIENT */;
/*!40101 SET CHARACTER_SET_RESULTS=@OLD_CHARACTER_SET_RESULTS */;
/*!40101 SET COLLATION_CONNECTION=@OLD_COLLATION_CONNECTION */;
/*!40111 SET SQL_NOTES=@OLD_SQL_NOTES */;

-- Dump completed on 2019-11-04 16:39:35
